,img_0,img_1,Lensing
0,4_165_519706914.329419732-1,4_165_519700529.304487049-2,1
1,9_3807_953812118.133315324-1,9_3807_953810508.702145338-2,1
2,2_2927_835444966.906830072-1,2_2927_835410065.804709672-2,1
